Sample,MW-CAT,DOC (mg/L),Temp (C) ,Cl2 mg/L,pH,Br,t hour,TCM,BDCM,,,,,,,,,,,,,,,,,,,,,,,,
1,<500Da,0.45,19.1,1.9,6,0,3,11.52,0.00,,,,,,,,,,,,,,,,,,,,,,,,
6,<500Da,0.45,22.4,2.2,6,40,3,9.51,2.95,,,,,,,,,,,,,,,,,,,,,,,,
11,<500Da,0.45,17.2,3.0,6,80,3,8.13,4.97,,,,,,,,,,,,,,,,,,,,,,,,
16,<500Da,0.45,24.0,3.4,6,120,3,6.21,6.62,,,,,,,,,,,,,,,,,,,,,,,,
21,<500Da,0.45,18.0,1.8,6,200,3,4.49,9.28,,,,,,,,,,,,,,,,,,,,,,,,
2,<500Da,0.45,23.3,3.5,6,0,8,14.40,0.00,,,,,,,,,,,,,,,,,,,,,,,,
7,<500Da,0.45,19.7,3.2,6,40,8,11.96,3.53,,,,,,,,,,,,,,,,,,,,,,,,
12,<500Da,0.45,23.8,1.9,6,80,8,8.94,5.69,,,,,,,,,,,,,,,,,,,,,,,,
17,<500Da,0.45,15.4,3.2,6,120,8,5.94,7.34,,,,,,,,,,,,,,,,,,,,,,,,
22,<500Da,0.45,23.7,2.6,6,200,8,9.07,8.71,,,,,,,,,,,,,,,,,,,,,,,,
3,<500Da,0.45,21.5,2.8,6,0,28,16.08,0.00,,,,,,,,,,,,,,,,,,,,,,,,
8,<500Da,0.45,19.1,3.3,6,40,28,14.54,3.60,,,,,,,,,,,,,,,,,,,,,,,,
13,<500Da,0.45,20.5,3.4,6,80,28,12.24,5.76,,,,,,,,,,,,,,,,,,,,,,,,
18,<500Da,0.45,16.3,1.9,6,120,28,11.23,7.63,,,,,,,,,,,,,,,,,,,,,,,,
23,<500Da,0.45,16.8,1.7,6,200,28,10.22,9.14,,,,,,,,,,,,,,,,,,,,,,,,
4,<500Da,0.45,23.2,2.5,6,0,48,16.70,0.00,,,,,,,,,,,,,,,,,,,,,,,,
9,<500Da,0.45,20.4,1.8,6,40,48,15.01,4.25,,,,,,,,,,,,,,,,,,,,,,,,
14,<500Da,0.45,24.1,2.6,6,80,48,12.99,6.98,,,,,,,,,,,,,,,,,,,,,,,,
19,<500Da,0.45,19.1,2.4,6,120,48,11.80,10.87,,,,,,,,,,,,,,,,,,,,,,,,
24,<500Da,0.45,23.2,2.6,6,200,48,10.85,12.74,,,,,,,,,,,,,,,,,,,,,,,,
5,<500Da,0.45,15.4,2.7,6,0,96,18.45,0.00,,,,,,,,,,,,,,,,,,,,,,,,
10,<500Da,0.45,15.1,1.9,6,40,96,16.63,4.75,,,,,,,,,,,,,,,,,,,,,,,,
15,<500Da,0.45,23.1,2.4,6,80,96,15.52,7.78,,,,,,,,,,,,,,,,,,,,,,,,
20,<500Da,0.45,15.9,1.5,6,120,96,14.34,11.81,,,,,,,,,,,,,,,,,,,,,,,,
25,<500Da,0.45,18.9,1.9,6,200,96,13.15,14.26,,,,,,,,,,,,,,,,,,,,,,,,
26,<500Da,0.45,24.1,1.9,8.5,0,3,12.53,0.00,,,,,,,,,,,,,,,,,,,,,,,,
27,<500Da,0.45,23.8,3.1,8.5,40,3,11.66,2.88,,,,,,,,,,,,,,,,,,,,,,,,
28,<500Da,0.45,20.6,1.7,8.5,80,3,10.37,3.02,,,,,,,,,,,,,,,,,,,,,,,,
29,<500Da,0.45,23.8,2.8,8.5,120,3,9.50,4.90,,,,,,,,,,,,,,,,,,,,,,,,
30,<500Da,0.45,24.8,1.8,8.5,200,3,8.93,5.90,,,,,,,,,,,,,,,,,,,,,,,,
31,<500Da,0.45,18.9,2.6,8.5,0,8,14.69,0.00,,,,,,,,,,,,,,,,,,,,,,,,
32,<500Da,0.45,24.3,2.0,8.5,40,8,13.10,2.95,,,,,,,,,,,,,,,,,,,,,,,,
33,<500Da,0.45,24.0,1.9,8.5,80,8,11.66,3.67,,,,,,,,,,,,,,,,,,,,,,,,
34,<500Da,0.45,16.2,3.4,8.5,120,8,10.51,5.76,,,,,,,,,,,,,,,,,,,,,,,,
35,<500Da,0.45,24.0,2.8,8.5,200,8,10.22,6.77,,,,,,,,,,,,,,,,,,,,,,,,
36,<500Da,0.45,17.2,2.3,8.5,0,28,16.56,0.00,,,,,,,,,,,,,,,,,,,,,,,,
37,<500Da,0.45,23.2,2.4,8.5,40,28,14.54,3.46,,,,,,,,,,,,,,,,,,,,,,,,
38,<500Da,0.45,17.2,1.5,8.5,80,28,13.25,5.11,,,,,,,,,,,,,,,,,,,,,,,,
39,<500Da,0.45,15.7,1.6,8.5,120,28,12.10,6.48,,,,,,,,,,,,,,,,,,,,,,,,
40,<500Da,0.45,23.7,3.0,8.5,200,28,10.94,7.63,,,,,,,,,,,,,,,,,,,,,,,,
41,<500Da,0.45,19.9,1.5,8.5,0,48,18.69,0.00,,,,,,,,,,,,,,,,,,,,,,,,
42,<500Da,0.45,24.6,3.0,8.5,40,48,15.92,5.04,,,,,,,,,,,,,,,,,,,,,,,,
43,<500Da,0.45,24.5,2.0,8.5,80,48,14.65,6.98,,,,,,,,,,,,,,,,,,,,,,,,
44,<500Da,0.45,16.5,1.6,8.5,120,48,13.31,9.72,,,,,,,,,,,,,,,,,,,,,,,,
45,<500Da,0.45,19.3,2.3,8.5,200,48,12.20,11.38,,,,,,,,,,,,,,,,,,,,,,,,
46,<500Da,0.45,16.1,2.0,8.5,0,96,20.04,0.00,,,,,,,,,,,,,,,,,,,,,,,,
47,<500Da,0.45,20.4,2.5,8.5,40,96,18.06,5.76,,,,,,,,,,,,,,,,,,,,,,,,
48,<500Da,0.45,19.6,2.8,8.5,80,96,16.63,8.36,,,,,,,,,,,,,,,,,,,,,,,,
49,<500Da,0.45,22.5,2.7,8.5,120,96,15.92,10.53,,,,,,,,,,,,,,,,,,,,,,,,
50,<500Da,0.45,15.9,1.9,8.5,200,96,14.41,11.39,,,,,,,,,,,,,,,,,,,,,,,,
51,500Da-1kDa,0.57,23.8,3.0,6,0,3,15.68,0.00,,,,,,,,,,,,,,,,,,,,,,,,
56,500Da-1kDa,0.57,17.3,2.0,6,40,3,14.34,2.66,,,,,,,,,,,,,,,,,,,,,,,,
61,500Da-1kDa,0.57,23.6,3.0,6,80,3,13.07,3.74,,,,,,,,,,,,,,,,,,,,,,,,
66,500Da-1kDa,0.57,23.4,2.4,6,120,3,11.96,5.83,,,,,,,,,,,,,,,,,,,,,,,,
71,500Da-1kDa,0.57,15.8,1.8,6,200,3,10.85,7.56,,,,,,,,,,,,,,,,,,,,,,,,
52,500Da-1kDa,0.57,15.5,2.8,6,0,8,16.78,0.00,,,,,,,,,,,,,,,,,,,,,,,,
57,500Da-1kDa,0.57,24.5,2.6,6,40,8,15.57,3.02,,,,,,,,,,,,,,,,,,,,,,,,
62,500Da-1kDa,0.57,21.6,2.1,6,80,8,13.78,5.04,,,,,,,,,,,,,,,,,,,,,,,,
67,500Da-1kDa,0.57,17.9,2.8,6,120,8,13.10,6.70,,,,,,,,,,,,,,,,,,,,,,,,
72,500Da-1kDa,0.57,22.0,2.3,6,200,8,12.43,8.28,,,,,,,,,,,,,,,,,,,,,,,,
53,500Da-1kDa,0.57,17.9,1.7,6,0,28,17.66,0.00,,,,,,,,,,,,,,,,,,,,,,,,
58,500Da-1kDa,0.57,17.5,3.3,6,40,28,16.36,3.31,,,,,,,,,,,,,,,,,,,,,,,,
63,500Da-1kDa,0.57,17.9,2.0,6,80,28,14.57,5.33,,,,,,,,,,,,,,,,,,,,,,,,
68,500Da-1kDa,0.57,22.1,3.2,6,120,28,14.75,7.27,,,,,,,,,,,,,,,,,,,,,,,,
73,500Da-1kDa,0.57,18.5,3.3,6,200,28,13.74,9.58,,,,,,,,,,,,,,,,,,,,,,,,
54,500Da-1kDa,0.57,20.7,2.9,6,0,48,18.29,0.00,,,,,,,,,,,,,,,,,,,,,,,,
59,500Da-1kDa,0.57,20.4,2.3,6,40,48,17.82,3.17,,,,,,,,,,,,,,,,,,,,,,,,
64,500Da-1kDa,0.57,16.7,3.5,6,80,48,17.66,6.55,,,,,,,,,,,,,,,,,,,,,,,,
69,500Da-1kDa,0.57,24.1,2.1,6,120,48,17.34,11.02,,,,,,,,,,,,,,,,,,,,,,,,
74,500Da-1kDa,0.57,21.5,2.5,6,200,48,15.29,13.03,,,,,,,,,,,,,,,,,,,,,,,,
55,500Da-1kDa,0.57,18.8,2.0,6,0,96,18.45,0.00,,,,,,,,,,,,,,,,,,,,,,,,
60,500Da-1kDa,0.57,18.0,2.0,6,40,96,16.63,3.67,,,,,,,,,,,,,,,,,,,,,,,,
65,500Da-1kDa,0.57,24.6,3.2,6,80,96,16.27,7.78,,,,,,,,,,,,,,,,,,,,,,,,
70,500Da-1kDa,0.57,15.0,2.4,6,120,96,15.78,12.38,,,,,,,,,,,,,,,,,,,,,,,,
75,500Da-1kDa,0.57,18.4,2.1,6,200,96,13.15,14.69,,,,,,,,,,,,,,,,,,,,,,,,
76,500Da-1kDa,0.57,22.0,2.0,8.5,0,3,16.66,0.00,,,,,,,,,,,,,,,,,,,,,,,,
77,500Da-1kDa,0.57,21.4,1.9,8.5,40,3,14.57,2.16,,,,,,,,,,,,,,,,,,,,,,,,
78,500Da-1kDa,0.57,23.9,3.2,8.5,80,3,12.75,3.74,,,,,,,,,,,,,,,,,,,,,,,,
79,500Da-1kDa,0.57,16.0,3.3,8.5,120,3,12.04,5.18,,,,,,,,,,,,,,,,,,,,,,,,
80,500Da-1kDa,0.57,21.1,2.4,8.5,200,3,10.85,7.27,,,,,,,,,,,,,,,,,,,,,,,,
81,500Da-1kDa,0.57,15.8,1.6,8.5,0,8,18.30,0.00,,,,,,,,,,,,,,,,,,,,,,,,
82,500Da-1kDa,0.57,24.5,3.3,8.5,40,8,16.39,2.88,,,,,,,,,,,,,,,,,,,,,,,,
83,500Da-1kDa,0.57,15.8,2.0,8.5,80,8,14.49,4.32,,,,,,,,,,,,,,,,,,,,,,,,
84,500Da-1kDa,0.57,16.0,2.8,8.5,120,8,13.54,5.90,,,,,,,,,,,,,,,,,,,,,,,,
85,500Da-1kDa,0.57,18.6,1.6,8.5,200,8,13.07,7.78,,,,,,,,,,,,,,,,,,,,,,,,
86,500Da-1kDa,0.57,19.9,1.8,8.5,0,28,18.86,0.00,,,,,,,,,,,,,,,,,,,,,,,,
87,500Da-1kDa,0.57,18.5,3.2,8.5,40,28,17.42,3.46,,,,,,,,,,,,,,,,,,,,,,,,
88,500Da-1kDa,0.57,22.1,2.8,8.5,80,28,17.42,5.11,,,,,,,,,,,,,,,,,,,,,,,,
89,500Da-1kDa,0.57,18.7,2.3,8.5,120,28,16.42,6.48,,,,,,,,,,,,,,,,,,,,,,,,
90,500Da-1kDa,0.57,24.5,2.2,8.5,200,28,15.12,9.94,,,,,,,,,,,,,,,,,,,,,,,,
91,500Da-1kDa,0.57,21.5,3.1,8.5,0,48,21.07,0.00,,,,,,,,,,,,,,,,,,,,,,,,
92,500Da-1kDa,0.57,17.4,2.9,8.5,40,48,19.72,3.60,,,,,,,,,,,,,,,,,,,,,,,,
93,500Da-1kDa,0.57,23.8,2.1,8.5,80,48,19.25,5.54,,,,,,,,,,,,,,,,,,,,,,,,
94,500Da-1kDa,0.57,23.8,2.8,8.5,120,48,18.85,10.08,,,,,,,,,,,,,,,,,,,,,,,,
95,500Da-1kDa,0.57,18.3,2.3,8.5,200,48,17.34,14.26,,,,,,,,,,,,,,,,,,,,,,,,
96,500Da-1kDa,0.57,18.3,2.7,8.5,0,96,22.92,0.00,,,,,,,,,,,,,,,,,,,,,,,,
97,500Da-1kDa,0.57,20.7,2.4,8.5,40,96,20.88,4.75,,,,,,,,,,,,,,,,,,,,,,,,
98,500Da-1kDa,0.57,24.0,2.4,8.5,80,96,19.87,6.91,,,,,,,,,,,,,,,,,,,,,,,,
99,500Da-1kDa,0.57,24.6,2.4,8.5,120,96,19.44,10.22,,,,,,,,,,,,,,,,,,,,,,,,
100,500Da-1kDa,0.57,20.4,2.8,8.5,200,96,17.71,15.84,,,,,,,,,,,,,,,,,,,,,,,,
101,1kDa-3kDa,0.85,18.9,1.6,6,0,3,25.34,0.00,,,,,,,,,,,,,,,,,,,,,,,,
102,1kDa-3kDa,0.85,23.6,2.9,6,40,3,23.04,3.82,,,,,,,,,,,,,,,,,,,,,,,,
103,1kDa-3kDa,0.85,18.8,3.2,6,80,3,22.46,6.77,,,,,,,,,,,,,,,,,,,,,,,,
104,1kDa-3kDa,0.85,19.4,2.7,6,120,3,20.16,7.78,,,,,,,,,,,,,,,,,,,,,,,,
105,1kDa-3kDa,0.85,23.6,3.0,6,200,3,18.72,8.93,,,,,,,,,,,,,,,,,,,,,,,,
106,1kDa-3kDa,0.85,15.2,3.3,6,0,8,28.37,0.00,,,,,,,,,,,,,,,,,,,,,,,,
107,1kDa-3kDa,0.85,15.6,2.7,6,40,8,26.78,4.39,,,,,,,,,,,,,,,,,,,,,,,,
108,1kDa-3kDa,0.85,21.2,2.5,6,80,8,25.20,7.49,,,,,,,,,,,,,,,,,,,,,,,,
109,1kDa-3kDa,0.85,22.3,2.7,6,120,8,23.18,8.71,,,,,,,,,,,,,,,,,,,,,,,,
110,1kDa-3kDa,0.85,15.6,2.6,6,200,8,21.17,10.58,,,,,,,,,,,,,,,,,,,,,,,,
111,1kDa-3kDa,0.85,18.9,2.8,6,0,28,30.82,0.00,,,,,,,,,,,,,,,,,,,,,,,,
112,1kDa-3kDa,0.85,24.2,1.7,6,40,28,28.94,4.68,,,,,,,,,,,,,,,,,,,,,,,,
113,1kDa-3kDa,0.85,23.1,2.1,6,80,28,26.93,7.99,,,,,,,,,,,,,,,,,,,,,,,,
114,1kDa-3kDa,0.85,24.5,2.0,6,120,28,25.34,11.52,,,,,,,,,,,,,,,,,,,,,,,,
115,1kDa-3kDa,0.85,24.1,2.1,6,200,28,23.33,12.60,,,,,,,,,,,,,,,,,,,,,,,,
116,1kDa-3kDa,0.85,25.0,3.4,6,0,48,33.18,0.00,,,,,,,,,,,,,,,,,,,,,,,,
117,1kDa-3kDa,0.85,15.8,3.1,6,40,48,30.57,5.11,,,,,,,,,,,,,,,,,,,,,,,,
118,1kDa-3kDa,0.85,20.9,2.7,6,80,48,29.38,9.43,,,,,,,,,,,,,,,,,,,,,,,,
119,1kDa-3kDa,0.85,24.3,1.8,6,120,48,28.51,14.33,,,,,,,,,,,,,,,,,,,,,,,,
120,1kDa-3kDa,0.85,18.5,2.7,6,200,48,26.77,12.85,,,,,,,,,,,,,,,,,,,,,,,,
121,1kDa-3kDa,0.85,15.2,2.0,6,0,96,24.08,0.00,,,,,,,,,,,,,,,,,,,,,,,,
122,1kDa-3kDa,0.85,24.4,3.1,6,40,96,23.28,5.69,,,,,,,,,,,,,,,,,,,,,,,,
123,1kDa-3kDa,0.85,22.6,2.6,6,80,96,22.49,9.43,,,,,,,,,,,,,,,,,,,,,,,,
124,1kDa-3kDa,0.85,24.9,3.1,6,120,96,21.38,12.38,,,,,,,,,,,,,,,,,,,,,,,,
125,1kDa-3kDa,0.85,19.1,3.2,6,200,96,20.43,13.54,,,,,,,,,,,,,,,,,,,,,,,,
126,1kDa-3kDa,0.85,23.6,2.7,8.5,0,3,26.64,0.00,,,,,,,,,,,,,,,,,,,,,,,,
127,1kDa-3kDa,0.85,23.7,3.3,8.5,40,3,24.77,2.86,,,,,,,,,,,,,,,,,,,,,,,,
128,1kDa-3kDa,0.85,24.5,2.7,8.5,80,3,23.04,6.05,,,,,,,,,,,,,,,,,,,,,,,,
129,1kDa-3kDa,0.85,17.9,2.4,8.5,120,3,21.46,8.03,,,,,,,,,,,,,,,,,,,,,,,,
130,1kDa-3kDa,0.85,16.9,2.7,8.5,200,3,19.58,9.65,,,,,,,,,,,,,,,,,,,,,,,,
131,1kDa-3kDa,0.85,16.4,3.4,8.5,0,8,28.80,0.00,,,,,,,,,,,,,,,,,,,,,,,,
132,1kDa-3kDa,0.85,21.7,1.6,8.5,40,8,26.50,3.99,,,,,,,,,,,,,,,,,,,,,,,,
133,1kDa-3kDa,0.85,20.1,1.6,8.5,80,8,24.91,6.90,,,,,,,,,,,,,,,,,,,,,,,,
134,1kDa-3kDa,0.85,19.0,3.2,8.5,120,8,23.62,10.03,,,,,,,,,,,,,,,,,,,,,,,,
135,1kDa-3kDa,0.85,22.2,2.6,8.5,200,8,22.46,10.38,,,,,,,,,,,,,,,,,,,,,,,,
136,1kDa-3kDa,0.85,21.1,3.4,8.5,0,28,31.82,0.00,,,,,,,,,,,,,,,,,,,,,,,,
137,1kDa-3kDa,0.85,20.1,2.6,8.5,40,28,29.81,3.83,,,,,,,,,,,,,,,,,,,,,,,,
138,1kDa-3kDa,0.85,17.9,2.9,8.5,80,28,28.51,7.97,,,,,,,,,,,,,,,,,,,,,,,,
139,1kDa-3kDa,0.85,19.8,2.8,8.5,120,28,26.06,11.30,,,,,,,,,,,,,,,,,,,,,,,,
140,1kDa-3kDa,0.85,24.9,2.5,8.5,200,28,24.62,11.84,,,,,,,,,,,,,,,,,,,,,,,,
141,1kDa-3kDa,0.85,21.8,3.0,8.5,0,48,35.19,0.00,,,,,,,,,,,,,,,,,,,,,,,,
142,1kDa-3kDa,0.85,24.6,3.2,8.5,40,48,33.68,4.24,,,,,,,,,,,,,,,,,,,,,,,,
143,1kDa-3kDa,0.85,21.1,2.3,8.5,80,48,33.34,7.48,,,,,,,,,,,,,,,,,,,,,,,,
144,1kDa-3kDa,0.85,15.9,3.1,8.5,120,48,32.73,13.57,,,,,,,,,,,,,,,,,,,,,,,,
145,1kDa-3kDa,0.85,16.1,3.1,8.5,200,48,29.17,18.93,,,,,,,,,,,,,,,,,,,,,,,,
146,1kDa-3kDa,0.85,23.2,2.1,8.5,0,96,38.02,0.00,,,,,,,,,,,,,,,,,,,,,,,,
147,1kDa-3kDa,0.85,19.1,3.5,8.5,40,96,36.14,5.06,,,,,,,,,,,,,,,,,,,,,,,,
148,1kDa-3kDa,0.85,15.2,1.9,8.5,80,96,33.98,9.65,,,,,,,,,,,,,,,,,,,,,,,,
149,1kDa-3kDa,0.85,24.5,2.2,8.5,120,96,33.12,14.40,,,,,,,,,,,,,,,,,,,,,,,,
150,1kDa-3kDa,0.85,20.8,3.3,8.5,200,96,31.25,19.73,,,,,,,,,,,,,,,,,,,,,,,,
151,>3kDa,0.23,23.0,3.4,6,0,3,10.57,0.00,,,,,,,,,,,,,,,,,,,,,,,,
152,>3kDa,0.23,18.2,1.8,6,40,3,9.38,1.98,,,,,,,,,,,,,,,,,,,,,,,,
153,>3kDa,0.23,16.7,2.1,6,80,3,7.47,3.12,,,,,,,,,,,,,,,,,,,,,,,,
154,>3kDa,0.23,15.6,2.2,6,120,3,8.72,5.07,,,,,,,,,,,,,,,,,,,,,,,,
155,>3kDa,0.23,20.8,2.9,6,200,3,8.09,5.89,,,,,,,,,,,,,,,,,,,,,,,,
156,>3kDa,0.23,18.3,1.9,6,0,8,11.49,0.00,,,,,,,,,,,,,,,,,,,,,,,,
157,>3kDa,0.23,15.5,2.7,6,40,8,9.73,2.21,,,,,,,,,,,,,,,,,,,,,,,,
158,>3kDa,0.23,24.1,2.7,6,80,8,9.62,3.97,,,,,,,,,,,,,,,,,,,,,,,,
159,>3kDa,0.23,24.1,1.7,6,120,8,7.81,4.53,,,,,,,,,,,,,,,,,,,,,,,,
160,>3kDa,0.23,22.9,2.1,6,200,8,6.83,6.08,,,,,,,,,,,,,,,,,,,,,,,,
161,>3kDa,0.23,16.3,1.7,6,0,28,11.54,0.00,,,,,,,,,,,,,,,,,,,,,,,,
162,>3kDa,0.23,23.2,3.1,6,40,28,10.39,2.29,,,,,,,,,,,,,,,,,,,,,,,,
163,>3kDa,0.23,16.9,3.4,6,80,28,9.80,3.87,,,,,,,,,,,,,,,,,,,,,,,,
164,>3kDa,0.23,19.4,2.4,6,120,28,8.92,5.33,,,,,,,,,,,,,,,,,,,,,,,,
165,>3kDa,0.23,24.1,2.9,6,200,28,8.27,7.00,,,,,,,,,,,,,,,,,,,,,,,,
166,>3kDa,0.23,20.8,1.5,6,0,48,11.89,0.00,,,,,,,,,,,,,,,,,,,,,,,,
167,>3kDa,0.23,22.1,2.2,6,40,48,11.54,1.92,,,,,,,,,,,,,,,,,,,,,,,,
168,>3kDa,0.23,16.5,2.8,6,80,48,10.82,2.86,,,,,,,,,,,,,,,,,,,,,,,,
169,>3kDa,0.23,16.4,2.9,6,120,48,10.55,3.24,,,,,,,,,,,,,,,,,,,,,,,,
170,>3kDa,0.23,18.8,2.9,6,200,48,7.90,8.12,,,,,,,,,,,,,,,,,,,,,,,,
171,>3kDa,0.23,16.6,3.0,6,0,96,14.26,0.00,,,,,,,,,,,,,,,,,,,,,,,,
172,>3kDa,0.23,19.5,2.6,6,40,96,11.74,2.74,,,,,,,,,,,,,,,,,,,,,,,,
173,>3kDa,0.23,23.5,3.4,6,80,96,9.76,3.71,,,,,,,,,,,,,,,,,,,,,,,,
174,>3kDa,0.23,22.3,2.1,6,120,96,9.70,5.80,,,,,,,,,,,,,,,,,,,,,,,,
175,>3kDa,0.23,20.9,1.8,6,200,96,8.33,9.07,,,,,,,,,,,,,,,,,,,,,,,,
176,>3kDa,0.23,23.5,1.6,8.5,0,3,11.92,0.00,,,,,,,,,,,,,,,,,,,,,,,,
177,>3kDa,0.23,15.5,2.5,8.5,40,3,10.98,2.17,,,,,,,,,,,,,,,,,,,,,,,,
178,>3kDa,0.23,20.7,2.4,8.5,80,3,8.27,3.03,,,,,,,,,,,,,,,,,,,,,,,,
179,>3kDa,0.23,22.9,1.8,8.5,120,3,7.85,4.09,,,,,,,,,,,,,,,,,,,,,,,,
180,>3kDa,0.23,23.2,3.4,8.5,200,3,8.08,5.41,,,,,,,,,,,,,,,,,,,,,,,,
181,>3kDa,0.23,18.2,1.8,8.5,0,8,13.71,0.00,,,,,,,,,,,,,,,,,,,,,,,,
182,>3kDa,0.23,21.6,1.7,8.5,40,8,11.40,2.06,,,,,,,,,,,,,,,,,,,,,,,,
183,>3kDa,0.23,20.9,2.1,8.5,80,8,11.00,3.88,,,,,,,,,,,,,,,,,,,,,,,,
184,>3kDa,0.23,24.6,1.9,8.5,120,8,10.70,5.17,,,,,,,,,,,,,,,,,,,,,,,,
185,>3kDa,0.23,15.0,2.0,8.5,200,8,9.95,5.92,,,,,,,,,,,,,,,,,,,,,,,,
186,>3kDa,0.23,15.2,1.8,8.5,0,28,15.25,0.00,,,,,,,,,,,,,,,,,,,,,,,,
187,>3kDa,0.23,17.2,3.4,8.5,40,28,11.96,2.37,,,,,,,,,,,,,,,,,,,,,,,,
188,>3kDa,0.23,16.4,1.7,8.5,80,28,11.96,3.84,,,,,,,,,,,,,,,,,,,,,,,,
189,>3kDa,0.23,18.8,2.1,8.5,120,28,10.02,4.48,,,,,,,,,,,,,,,,,,,,,,,,
190,>3kDa,0.23,20.7,2.9,8.5,200,28,8.15,4.73,,,,,,,,,,,,,,,,,,,,,,,,
191,>3kDa,0.23,16.3,2.7,8.5,0,48,13.06,0.00,,,,,,,,,,,,,,,,,,,,,,,,
192,>3kDa,0.23,15.8,1.9,8.5,40,48,12.20,1.82,,,,,,,,,,,,,,,,,,,,,,,,
193,>3kDa,0.23,21.1,1.7,8.5,80,48,11.99,2.74,,,,,,,,,,,,,,,,,,,,,,,,
194,>3kDa,0.23,19.6,2.2,8.5,120,48,12.01,2.99,,,,,,,,,,,,,,,,,,,,,,,,
195,>3kDa,0.23,19.2,1.9,8.5,200,48,11.05,5.33,,,,,,,,,,,,,,,,,,,,,,,,
196,>3kDa,0.23,17.3,3.1,8.5,0,96,13.51,0.00,,,,,,,,,,,,,,,,,,,,,,,,
197,>3kDa,0.23,21.4,2.4,8.5,40,96,13.23,2.81,,,,,,,,,,,,,,,,,,,,,,,,
198,>3kDa,0.23,19.9,1.9,8.5,80,96,12.76,3.35,,,,,,,,,,,,,,,,,,,,,,,,
199,>3kDa,0.23,18.1,2.5,8.5,120,96,12.82,4.54,,,,,,,,,,,,,,,,,,,,,,,,
200,>3kDa,0.23,19.2,1.5,8.5,200,96,11.46,6.98,,,,,,,,,,,,,,,,,,,,,,,,
201,<500Da,0.79,23.8,1.9,6,0,3,19.01,0.00,,,,,,,,,,,,,,,,,,,,,,,,
202,<500Da,0.79,16.4,2.4,6,40,3,17.42,2.86,,,,,,,,,,,,,,,,,,,,,,,,
203,<500Da,0.79,22.8,1.5,6,80,3,16.56,6.42,,,,,,,,,,,,,,,,,,,,,,,,
204,<500Da,0.79,16.6,2.8,6,120,3,15.98,10.06,,,,,,,,,,,,,,,,,,,,,,,,
205,<500Da,0.79,15.2,2.6,6,200,3,13.97,12.57,,,,,,,,,,,,,,,,,,,,,,,,
206,<500Da,0.79,17.9,1.7,6,0,8,22.90,0.00,,,,,,,,,,,,,,,,,,,,,,,,
207,<500Da,0.79,23.3,1.6,6,40,8,20.74,5.64,,,,,,,,,,,,,,,,,,,,,,,,
208,<500Da,0.79,24.4,2.4,6,80,8,18.86,7.51,,,,,,,,,,,,,,,,,,,,,,,,
209,<500Da,0.79,21.3,3.1,6,120,8,17.86,10.63,,,,,,,,,,,,,,,,,,,,,,,,
210,<500Da,0.79,20.1,2.9,6,200,8,16.85,13.75,,,,,,,,,,,,,,,,,,,,,,,,
211,<500Da,0.79,19.0,2.6,6,0,28,24.62,0.00,,,,,,,,,,,,,,,,,,,,,,,,
212,<500Da,0.79,20.4,2.5,6,40,28,23.04,6.70,,,,,,,,,,,,,,,,,,,,,,,,
213,<500Da,0.79,24.6,2.7,6,80,28,21.02,8.83,,,,,,,,,,,,,,,,,,,,,,,,
214,<500Da,0.79,23.1,1.8,6,120,28,20.30,11.77,,,,,,,,,,,,,,,,,,,,,,,,
215,<500Da,0.79,20.8,2.7,6,200,28,20.02,17.19,,,,,,,,,,,,,,,,,,,,,,,,
216,<500Da,0.79,21.6,3.0,6,0,48,26.04,0.00,,,,,,,,,,,,,,,,,,,,,,,,
217,<500Da,0.79,21.0,2.2,6,40,48,23.86,4.85,,,,,,,,,,,,,,,,,,,,,,,,
218,<500Da,0.79,23.2,3.3,6,80,48,22.37,8.82,,,,,,,,,,,,,,,,,,,,,,,,
219,<500Da,0.79,24.7,3.2,6,120,48,21.87,12.57,,,,,,,,,,,,,,,,,,,,,,,,
220,<500Da,0.79,23.6,2.0,6,200,48,21.36,16.46,,,,,,,,,,,,,,,,,,,,,,,,
221,<500Da,0.79,18.7,3.1,6,0,96,29.20,0.00,,,,,,,,,,,,,,,,,,,,,,,,
222,<500Da,0.79,16.4,2.6,6,40,96,25.98,6.07,,,,,,,,,,,,,,,,,,,,,,,,
223,<500Da,0.79,23.6,2.0,6,80,96,24.20,9.20,,,,,,,,,,,,,,,,,,,,,,,,
224,<500Da,0.79,16.1,3.4,6,120,96,22.04,14.49,,,,,,,,,,,,,,,,,,,,,,,,
225,<500Da,0.79,16.9,2.9,6,200,96,21.32,17.98,,,,,,,,,,,,,,,,,,,,,,,,
226,<500Da,0.79,15.2,3.0,8.5,0,3,22.75,0.00,,,,,,,,,,,,,,,,,,,,,,,,
227,<500Da,0.79,17.5,2.0,8.5,40,3,21.46,1.72,,,,,,,,,,,,,,,,,,,,,,,,
228,<500Da,0.79,24.9,2.9,8.5,80,3,20.30,4.70,,,,,,,,,,,,,,,,,,,,,,,,
229,<500Da,0.79,16.6,2.9,8.5,120,3,18.86,5.76,,,,,,,,,,,,,,,,,,,,,,,,
230,<500Da,0.79,15.2,2.0,8.5,200,3,18.29,9.55,,,,,,,,,,,,,,,,,,,,,,,,
231,<500Da,0.79,16.2,2.7,8.5,0,8,23.90,0.00,,,,,,,,,,,,,,,,,,,,,,,,
232,<500Da,0.79,23.4,2.9,8.5,40,8,22.75,5.38,,,,,,,,,,,,,,,,,,,,,,,,
233,<500Da,0.79,22.7,2.5,8.5,80,8,21.46,6.63,,,,,,,,,,,,,,,,,,,,,,,,
234,<500Da,0.79,22.1,2.7,8.5,120,8,20.45,8.40,,,,,,,,,,,,,,,,,,,,,,,,
235,<500Da,0.79,17.0,2.1,8.5,200,8,19.87,10.45,,,,,,,,,,,,,,,,,,,,,,,,
236,<500Da,0.79,23.0,2.4,8.5,0,28,26.06,0.00,,,,,,,,,,,,,,,,,,,,,,,,
237,<500Da,0.79,18.7,3.2,8.5,40,28,24.05,2.81,,,,,,,,,,,,,,,,,,,,,,,,
238,<500Da,0.79,18.4,2.8,8.5,80,28,23.18,5.48,,,,,,,,,,,,,,,,,,,,,,,,
239,<500Da,0.79,19.8,2.8,8.5,120,28,22.61,11.35,,,,,,,,,,,,,,,,,,,,,,,,
240,<500Da,0.79,16.5,2.9,8.5,200,28,22.32,12.95,,,,,,,,,,,,,,,,,,,,,,,,
241,<500Da,0.79,22.3,3.0,8.5,0,48,28.12,0.00,,,,,,,,,,,,,,,,,,,,,,,,
242,<500Da,0.79,17.0,1.9,8.5,40,48,26.29,3.89,,,,,,,,,,,,,,,,,,,,,,,,
243,<500Da,0.79,22.8,2.5,8.5,80,48,24.87,8.67,,,,,,,,,,,,,,,,,,,,,,,,
244,<500Da,0.79,23.8,3.0,8.5,120,48,23.82,9.63,,,,,,,,,,,,,,,,,,,,,,,,
245,<500Da,0.79,15.1,1.9,8.5,200,48,23.21,11.26,,,,,,,,,,,,,,,,,,,,,,,,
246,<500Da,0.79,23.2,3.3,8.5,0,96,30.38,0.00,,,,,,,,,,,,,,,,,,,,,,,,
247,<500Da,0.79,22.3,2.8,8.5,40,96,28.80,6.18,,,,,,,,,,,,,,,,,,,,,,,,
248,<500Da,0.79,23.4,3.4,8.5,80,96,26.93,11.51,,,,,,,,,,,,,,,,,,,,,,,,
249,<500Da,0.79,24.6,2.0,8.5,120,96,24.62,16.47,,,,,,,,,,,,,,,,,,,,,,,,
250,<500Da,0.79,22.1,2.5,8.5,200,96,23.69,18.76,,,,,,,,,,,,,,,,,,,,,,,,
251,500Da-1kDa,1.05,17.6,2.8,6,0,3,30.37,0.00,,,,,,,,,,,,,,,,,,,,,,,,
252,500Da-1kDa,1.05,19.2,1.9,6,40,3,27.50,2.90,,,,,,,,,,,,,,,,,,,,,,,,
253,500Da-1kDa,1.05,19.2,3.3,6,80,3,26.93,5.68,,,,,,,,,,,,,,,,,,,,,,,,
254,500Da-1kDa,1.05,22.2,3.3,6,120,3,24.19,7.47,,,,,,,,,,,,,,,,,,,,,,,,
255,500Da-1kDa,1.05,15.8,1.9,6,200,3,22.18,11.79,,,,,,,,,,,,,,,,,,,,,,,,
256,500Da-1kDa,1.05,16.6,2.3,6,0,8,32.74,0.00,,,,,,,,,,,,,,,,,,,,,,,,
257,500Da-1kDa,1.05,16.9,2.6,6,40,8,29.07,3.37,,,,,,,,,,,,,,,,,,,,,,,,
258,500Da-1kDa,1.05,22.4,3.4,6,80,8,27.89,8.23,,,,,,,,,,,,,,,,,,,,,,,,
259,500Da-1kDa,1.05,17.7,2.3,6,120,8,25.92,9.76,,,,,,,,,,,,,,,,,,,,,,,,
260,500Da-1kDa,1.05,16.7,2.4,6,200,8,24.39,14.33,,,,,,,,,,,,,,,,,,,,,,,,
261,500Da-1kDa,1.05,18.3,3.4,6,0,28,35.13,0.00,,,,,,,,,,,,,,,,,,,,,,,,
262,500Da-1kDa,1.05,23.2,1.5,6,40,28,32.34,4.23,,,,,,,,,,,,,,,,,,,,,,,,
263,500Da-1kDa,1.05,19.3,2.5,6,80,28,30.18,6.57,,,,,,,,,,,,,,,,,,,,,,,,
264,500Da-1kDa,1.05,23.4,2.3,6,120,28,28.47,12.55,,,,,,,,,,,,,,,,,,,,,,,,
265,500Da-1kDa,1.05,22.6,2.7,6,200,28,26.00,14.50,,,,,,,,,,,,,,,,,,,,,,,,
266,500Da-1kDa,1.05,20.1,2.4,6,0,48,37.79,0.00,,,,,,,,,,,,,,,,,,,,,,,,
267,500Da-1kDa,1.05,19.4,2.0,6,40,48,35.03,5.17,,,,,,,,,,,,,,,,,,,,,,,,
268,500Da-1kDa,1.05,21.0,1.9,6,80,48,33.23,8.16,,,,,,,,,,,,,,,,,,,,,,,,
269,500Da-1kDa,1.05,20.0,1.9,6,120,48,31.68,19.14,,,,,,,,,,,,,,,,,,,,,,,,
270,500Da-1kDa,1.05,18.6,3.4,6,200,48,30.33,20.38,,,,,,,,,,,,,,,,,,,,,,,,
271,500Da-1kDa,1.05,18.6,2.9,6,0,96,41.46,0.00,,,,,,,,,,,,,,,,,,,,,,,,
272,500Da-1kDa,1.05,18.1,3.0,6,40,96,38.42,5.57,,,,,,,,,,,,,,,,,,,,,,,,
273,500Da-1kDa,1.05,16.4,3.2,6,80,96,36.27,8.11,,,,,,,,,,,,,,,,,,,,,,,,
274,500Da-1kDa,1.05,20.1,2.8,6,120,96,35.13,19.75,,,,,,,,,,,,,,,,,,,,,,,,
275,500Da-1kDa,1.05,20.8,2.2,6,200,96,33.10,21.74,,,,,,,,,,,,,,,,,,,,,,,,
276,500Da-1kDa,1.05,15.9,2.2,8.5,0,3,33.72,0.00,,,,,,,,,,,,,,,,,,,,,,,,
277,500Da-1kDa,1.05,15.5,2.4,8.5,40,3,29.23,2.62,,,,,,,,,,,,,,,,,,,,,,,,
278,500Da-1kDa,1.05,17.2,1.6,8.5,80,3,26.63,6.27,,,,,,,,,,,,,,,,,,,,,,,,
279,500Da-1kDa,1.05,21.2,2.2,8.5,120,3,25.66,7.48,,,,,,,,,,,,,,,,,,,,,,,,
280,500Da-1kDa,1.05,24.6,1.7,8.5,200,3,23.62,9.46,,,,,,,,,,,,,,,,,,,,,,,,
281,500Da-1kDa,1.05,24.8,2.2,8.5,0,8,35.62,0.00,,,,,,,,,,,,,,,,,,,,,,,,
282,500Da-1kDa,1.05,17.6,2.4,8.5,40,8,31.95,3.12,,,,,,,,,,,,,,,,,,,,,,,,
283,500Da-1kDa,1.05,21.7,2.2,8.5,80,8,27.96,8.13,,,,,,,,,,,,,,,,,,,,,,,,
284,500Da-1kDa,1.05,18.2,3.4,8.5,120,8,26.14,8.85,,,,,,,,,,,,,,,,,,,,,,,,
285,500Da-1kDa,1.05,18.2,2.5,8.5,200,8,25.75,11.89,,,,,,,,,,,,,,,,,,,,,,,,
286,500Da-1kDa,1.05,16.8,2.4,8.5,0,28,37.08,0.00,,,,,,,,,,,,,,,,,,,,,,,,
287,500Da-1kDa,1.05,19.2,3.1,8.5,40,28,34.80,3.74,,,,,,,,,,,,,,,,,,,,,,,,
288,500Da-1kDa,1.05,20.7,2.5,8.5,80,28,32.67,5.25,,,,,,,,,,,,,,,,,,,,,,,,
289,500Da-1kDa,1.05,23.8,1.6,8.5,120,28,30.38,9.98,,,,,,,,,,,,,,,,,,,,,,,,
290,500Da-1kDa,1.05,16.1,2.3,8.5,200,28,30.24,14.33,,,,,,,,,,,,,,,,,,,,,,,,
291,500Da-1kDa,1.05,17.5,3.1,8.5,0,48,39.94,0.00,,,,,,,,,,,,,,,,,,,,,,,,
292,500Da-1kDa,1.05,22.7,3.3,8.5,40,48,37.23,5.92,,,,,,,,,,,,,,,,,,,,,,,,
293,500Da-1kDa,1.05,19.2,2.9,8.5,80,48,35.90,9.55,,,,,,,,,,,,,,,,,,,,,,,,
294,500Da-1kDa,1.05,18.4,1.9,8.5,120,48,33.67,17.22,,,,,,,,,,,,,,,,,,,,,,,,
295,500Da-1kDa,1.05,16.7,2.0,8.5,200,48,32.32,18.41,,,,,,,,,,,,,,,,,,,,,,,,
296,500Da-1kDa,1.05,23.8,1.7,8.5,0,96,41.90,0.00,,,,,,,,,,,,,,,,,,,,,,,,
297,500Da-1kDa,1.05,22.0,1.6,8.5,40,96,39.74,5.62,,,,,,,,,,,,,,,,,,,,,,,,
298,500Da-1kDa,1.05,17.1,2.7,8.5,80,96,37.73,9.93,,,,,,,,,,,,,,,,,,,,,,,,
299,500Da-1kDa,1.05,21.5,2.2,8.5,120,96,36.14,13.28,,,,,,,,,,,,,,,,,,,,,,,,
300,500Da-1kDa,1.05,18.0,3.3,8.5,200,96,31.97,19.96,,,,,,,,,,,,,,,,,,,,,,,,
301,1kDa-3kDa,1.73,19.0,3.5,6,0,3,50.54,0.00,,,,,,,,,,,,,,,,,,,,,,,,
302,1kDa-3kDa,1.73,21.0,1.9,6,40,3,50.11,2.64,,,,,,,,,,,,,,,,,,,,,,,,
303,1kDa-3kDa,1.73,24.3,2.0,6,80,3,48.38,4.77,,,,,,,,,,,,,,,,,,,,,,,,
304,1kDa-3kDa,1.73,17.6,2.8,6,120,3,46.80,7.77,,,,,,,,,,,,,,,,,,,,,,,,
305,1kDa-3kDa,1.73,20.8,1.8,6,200,3,45.79,11.89,,,,,,,,,,,,,,,,,,,,,,,,
306,1kDa-3kDa,1.73,20.7,1.8,6,0,8,53.23,0.00,,,,,,,,,,,,,,,,,,,,,,,,
307,1kDa-3kDa,1.73,21.5,3.5,6,40,8,52.30,4.88,,,,,,,,,,,,,,,,,,,,,,,,
308,1kDa-3kDa,1.73,24.0,2.5,6,80,8,50.54,8.40,,,,,,,,,,,,,,,,,,,,,,,,
309,1kDa-3kDa,1.73,15.5,3.1,6,120,8,49.68,12.03,,,,,,,,,,,,,,,,,,,,,,,,
310,1kDa-3kDa,1.73,18.4,2.2,6,200,8,48.96,15.61,,,,,,,,,,,,,,,,,,,,,,,,
311,1kDa-3kDa,1.73,20.3,3.4,6,0,28,57.74,0.00,,,,,,,,,,,,,,,,,,,,,,,,
312,1kDa-3kDa,1.73,19.9,3.0,6,40,28,54.72,6.00,,,,,,,,,,,,,,,,,,,,,,,,
313,1kDa-3kDa,1.73,19.6,2.3,6,80,28,52.85,12.29,,,,,,,,,,,,,,,,,,,,,,,,
314,1kDa-3kDa,1.73,18.0,2.4,6,120,28,51.98,16.40,,,,,,,,,,,,,,,,,,,,,,,,
315,1kDa-3kDa,1.73,24.5,3.0,6,200,28,51.26,19.26,,,,,,,,,,,,,,,,,,,,,,,,
316,1kDa-3kDa,1.73,20.8,2.3,6,0,48,62.62,0.00,,,,,,,,,,,,,,,,,,,,,,,,
317,1kDa-3kDa,1.73,17.6,2.6,6,40,48,59.66,6.89,,,,,,,,,,,,,,,,,,,,,,,,
318,1kDa-3kDa,1.73,16.6,2.6,6,80,48,56.55,9.45,,,,,,,,,,,,,,,,,,,,,,,,
319,1kDa-3kDa,1.73,16.9,3.2,6,120,48,57.22,11.62,,,,,,,,,,,,,,,,,,,,,,,,
320,1kDa-3kDa,1.73,22.1,2.4,6,200,48,54.88,12.76,,,,,,,,,,,,,,,,,,,,,,,,
321,1kDa-3kDa,1.73,19.0,1.5,6,0,96,64.75,0.00,,,,,,,,,,,,,,,,,,,,,,,,
322,1kDa-3kDa,1.73,24.2,3.1,6,40,96,60.78,9.92,,,,,,,,,,,,,,,,,,,,,,,,
323,1kDa-3kDa,1.73,16.0,2.2,6,80,96,58.50,14.26,,,,,,,,,,,,,,,,,,,,,,,,
324,1kDa-3kDa,1.73,18.1,2.8,6,120,96,59.18,22.43,,,,,,,,,,,,,,,,,,,,,,,,
325,1kDa-3kDa,1.73,16.0,2.5,6,200,96,56.92,23.65,,,,,,,,,,,,,,,,,,,,,,,,
326,1kDa-3kDa,1.73,22.9,2.3,8.5,0,3,66.53,0.00,,,,,,,,,,,,,,,,,,,,,,,,
327,1kDa-3kDa,1.73,24.0,2.1,8.5,40,3,62.93,5.10,,,,,,,,,,,,,,,,,,,,,,,,
328,1kDa-3kDa,1.73,19.6,3.1,8.5,80,3,58.75,8.71,,,,,,,,,,,,,,,,,,,,,,,,
329,1kDa-3kDa,1.73,18.5,3.4,8.5,120,3,55.58,9.94,,,,,,,,,,,,,,,,,,,,,,,,
330,1kDa-3kDa,1.73,23.1,3.4,8.5,200,3,53.42,13.10,,,,,,,,,,,,,,,,,,,,,,,,
331,1kDa-3kDa,1.73,16.6,3.0,8.5,0,8,69.26,0.00,,,,,,,,,,,,,,,,,,,,,,,,
332,1kDa-3kDa,1.73,16.9,1.7,8.5,40,8,67.82,7.63,,,,,,,,,,,,,,,,,,,,,,,,
333,1kDa-3kDa,1.73,19.8,2.9,8.5,80,8,61.92,9.90,,,,,,,,,,,,,,,,,,,,,,,,
334,1kDa-3kDa,1.73,16.2,2.1,8.5,120,8,60.62,12.04,,,,,,,,,,,,,,,,,,,,,,,,
335,1kDa-3kDa,1.73,18.2,2.9,8.5,200,8,59.47,15.57,,,,,,,,,,,,,,,,,,,,,,,,
336,1kDa-3kDa,1.73,23.7,2.8,8.5,0,28,71.42,0.00,,,,,,,,,,,,,,,,,,,,,,,,
337,1kDa-3kDa,1.73,21.4,2.0,8.5,40,28,68.83,6.93,,,,,,,,,,,,,,,,,,,,,,,,
338,1kDa-3kDa,1.73,23.2,1.9,8.5,80,28,64.78,10.41,,,,,,,,,,,,,,,,,,,,,,,,
339,1kDa-3kDa,1.73,24.7,2.0,8.5,120,28,63.87,14.63,,,,,,,,,,,,,,,,,,,,,,,,
340,1kDa-3kDa,1.73,21.2,1.6,8.5,200,28,60.97,19.82,,,,,,,,,,,,,,,,,,,,,,,,
341,1kDa-3kDa,1.73,18.8,3.3,8.5,0,48,75.06,0.00,,,,,,,,,,,,,,,,,,,,,,,,
342,1kDa-3kDa,1.73,18.1,2.2,8.5,40,48,71.15,7.76,,,,,,,,,,,,,,,,,,,,,,,,
343,1kDa-3kDa,1.73,18.5,1.5,8.5,80,48,68.12,10.63,,,,,,,,,,,,,,,,,,,,,,,,
344,1kDa-3kDa,1.73,24.4,2.4,8.5,120,48,67.22,12.02,,,,,,,,,,,,,,,,,,,,,,,,
345,1kDa-3kDa,1.73,16.2,3.0,8.5,200,48,63.05,17.07,,,,,,,,,,,,,,,,,,,,,,,,
346,1kDa-3kDa,1.73,24.5,3.0,8.5,0,96,78.05,0.00,,,,,,,,,,,,,,,,,,,,,,,,
347,1kDa-3kDa,1.73,15.0,2.6,8.5,40,96,74.45,5.92,,,,,,,,,,,,,,,,,,,,,,,,
348,1kDa-3kDa,1.73,22.4,3.3,8.5,80,96,71.17,11.69,,,,,,,,,,,,,,,,,,,,,,,,
349,1kDa-3kDa,1.73,23.5,3.4,8.5,120,96,68.41,18.87,,,,,,,,,,,,,,,,,,,,,,,,
350,1kDa-3kDa,1.73,16.0,3.1,8.5,200,96,64.41,22.53,,,,,,,,,,,,,,,,,,,,,,,,
351,>3kDa,0.52,18.3,2.0,6,0,3,22.89,0.00,,,,,,,,,,,,,,,,,,,,,,,,
352,>3kDa,0.52,24.7,2.5,6,40,3,21.31,1.80,,,,,,,,,,,,,,,,,,,,,,,,
353,>3kDa,0.52,23.3,3.0,6,80,3,20.03,3.03,,,,,,,,,,,,,,,,,,,,,,,,
354,>3kDa,0.52,17.2,2.3,6,120,3,18.02,3.64,,,,,,,,,,,,,,,,,,,,,,,,
355,>3kDa,0.52,23.6,2.9,6,200,3,16.18,4.84,,,,,,,,,,,,,,,,,,,,,,,,
356,>3kDa,0.52,23.5,3.3,6,0,8,24.61,0.00,,,,,,,,,,,,,,,,,,,,,,,,
357,>3kDa,0.52,19.7,3.4,6,40,8,23.58,2.27,,,,,,,,,,,,,,,,,,,,,,,,
358,>3kDa,0.52,16.9,1.9,6,80,8,22.68,3.26,,,,,,,,,,,,,,,,,,,,,,,,
359,>3kDa,0.52,23.8,2.0,6,120,8,21.13,4.36,,,,,,,,,,,,,,,,,,,,,,,,
360,>3kDa,0.52,16.2,2.9,6,200,8,20.40,5.50,,,,,,,,,,,,,,,,,,,,,,,,
361,>3kDa,0.52,18.6,3.4,6,0,28,26.78,0.00,,,,,,,,,,,,,,,,,,,,,,,,
362,>3kDa,0.52,20.5,1.6,6,40,28,24.62,2.82,,,,,,,,,,,,,,,,,,,,,,,,
363,>3kDa,0.52,19.5,2.4,6,80,28,24.34,3.97,,,,,,,,,,,,,,,,,,,,,,,,
364,>3kDa,0.52,15.8,1.8,6,120,28,22.18,4.69,,,,,,,,,,,,,,,,,,,,,,,,
365,>3kDa,0.52,20.3,2.9,6,200,28,21.31,7.00,,,,,,,,,,,,,,,,,,,,,,,,
366,>3kDa,0.52,22.3,1.8,6,0,48,28.88,0.00,,,,,,,,,,,,,,,,,,,,,,,,
367,>3kDa,0.52,18.0,2.7,6,40,48,26.72,4.18,,,,,,,,,,,,,,,,,,,,,,,,
368,>3kDa,0.52,15.7,1.6,6,80,48,25.29,6.36,,,,,,,,,,,,,,,,,,,,,,,,
369,>3kDa,0.52,23.6,2.0,6,120,48,24.00,7.51,,,,,,,,,,,,,,,,,,,,,,,,
370,>3kDa,0.52,24.4,2.8,6,200,48,22.69,11.45,,,,,,,,,,,,,,,,,,,,,,,,
371,>3kDa,0.52,21.8,3.0,6,0,96,31.25,0.00,,,,,,,,,,,,,,,,,,,,,,,,
372,>3kDa,0.52,15.7,2.8,6,40,96,28.94,4.63,,,,,,,,,,,,,,,,,,,,,,,,
373,>3kDa,0.52,23.4,2.1,6,80,96,26.64,6.14,,,,,,,,,,,,,,,,,,,,,,,,
374,>3kDa,0.52,15.1,2.4,6,120,96,24.77,9.88,,,,,,,,,,,,,,,,,,,,,,,,
375,>3kDa,0.52,21.5,2.2,6,200,96,23.62,12.89,,,,,,,,,,,,,,,,,,,,,,,,
376,>3kDa,0.52,23.7,1.7,8.5,0,3,23.71,0.00,,,,,,,,,,,,,,,,,,,,,,,,
377,>3kDa,0.52,20.7,2.1,8.5,40,3,18.77,1.99,,,,,,,,,,,,,,,,,,,,,,,,
378,>3kDa,0.52,21.1,1.5,8.5,80,3,17.92,3.74,,,,,,,,,,,,,,,,,,,,,,,,
379,>3kDa,0.52,23.8,1.6,8.5,120,3,16.55,4.18,,,,,,,,,,,,,,,,,,,,,,,,
380,>3kDa,0.52,23.8,2.7,8.5,200,3,14.83,4.24,,,,,,,,,,,,,,,,,,,,,,,,
381,>3kDa,0.52,16.1,2.9,8.5,0,8,26.51,0.00,,,,,,,,,,,,,,,,,,,,,,,,
382,>3kDa,0.52,17.2,2.2,8.5,40,8,24.29,2.50,,,,,,,,,,,,,,,,,,,,,,,,
383,>3kDa,0.52,19.6,2.1,8.5,80,8,21.41,4.61,,,,,,,,,,,,,,,,,,,,,,,,
384,>3kDa,0.52,22.8,1.8,8.5,120,8,18.99,5.04,,,,,,,,,,,,,,,,,,,,,,,,
385,>3kDa,0.52,16.2,1.8,8.5,200,8,17.69,5.35,,,,,,,,,,,,,,,,,,,,,,,,
386,>3kDa,0.52,18.5,3.0,8.5,0,28,28.29,0.00,,,,,,,,,,,,,,,,,,,,,,,,
387,>3kDa,0.52,22.8,2.1,8.5,40,28,25.91,2.84,,,,,,,,,,,,,,,,,,,,,,,,
388,>3kDa,0.52,24.8,2.6,8.5,80,28,24.62,5.95,,,,,,,,,,,,,,,,,,,,,,,,
389,>3kDa,0.52,15.1,2.8,8.5,120,28,24.34,7.52,,,,,,,,,,,,,,,,,,,,,,,,
390,>3kDa,0.52,18.0,3.4,8.5,200,28,22.75,7.13,,,,,,,,,,,,,,,,,,,,,,,,
391,>3kDa,0.52,15.1,1.9,8.5,0,48,30.94,0.00,,,,,,,,,,,,,,,,,,,,,,,,
392,>3kDa,0.52,19.0,1.9,8.5,40,48,28.69,4.12,,,,,,,,,,,,,,,,,,,,,,,,
393,>3kDa,0.52,18.2,1.7,8.5,80,48,27.53,5.78,,,,,,,,,,,,,,,,,,,,,,,,
394,>3kDa,0.52,24.8,2.9,8.5,120,48,25.58,7.04,,,,,,,,,,,,,,,,,,,,,,,,
395,>3kDa,0.52,16.6,2.0,8.5,200,48,23.60,10.05,,,,,,,,,,,,,,,,,,,,,,,,
396,>3kDa,0.52,18.1,3.3,8.5,0,96,33.26,0.00,,,,,,,,,,,,,,,,,,,,,,,,
397,>3kDa,0.52,22.9,2.7,8.5,40,96,31.25,4.32,,,,,,,,,,,,,,,,,,,,,,,,
398,>3kDa,0.52,15.3,2.5,8.5,80,96,29.38,5.17,,,,,,,,,,,,,,,,,,,,,,,,
399,>3kDa,0.52,18.2,3.3,8.5,120,96,27.22,7.08,,,,,,,,,,,,,,,,,,,,,,,,
400,>3kDa,0.52,23.0,2.5,8.5,200,96,25.63,12.45,,,,,,,,,,,,,,,,,,,,,,,,
,,,,,,,,,,,,,,,,,,,,,,,,,,,,,,,,,
